{
    "y_mean": 14602.2001953125,
    "y_std": 18258.025390625,
    "feat_mean": {
        "Input 9": 16.008695652173913,
        "Input 10": 567.0,
        "Input 11": 1214.904347826087,
        "Input 13": 223.36521739130436,
        "Input 14": 0.001678203060869565,
        "Input 15": 25797.53043478261,
        "Input 16": 192.4921739130435,
        "Input 17": 245.25148949947828,
        "Input 18": 106.85130434782609
    },
    "feat_std": {
        "Input 9": 2.2575240752690826,
        "Input 10": 624.8383685739099,
        "Input 11": 990.5292309856741,
        "Input 13": 215.14724987885575,
        "Input 14": 0.0010340712893976477,
        "Input 15": 27920.08117520803,
        "Input 16": 188.63745658255255,
        "Input 17": 233.22268836191077,
        "Input 18": 140.08984170268644
    }
}